pokedex_id,Pokemon,url,gen
#0001,Bulbasaur,/wiki/Bulbasaur_(Pok%C3%A9mon),1
#0002,Ivysaur,/wiki/Ivysaur_(Pok%C3%A9mon),1
#0003,Venusaur,/wiki/Venusaur_(Pok%C3%A9mon),1
#0004,Charmander,/wiki/Charmander_(Pok%C3%A9mon),1
#0005,Charmeleon,/wiki/Charmeleon_(Pok%C3%A9mon),1
#0006,Charizard,/wiki/Charizard_(Pok%C3%A9mon),1
#0007,Squirtle,/wiki/Squirtle_(Pok%C3%A9mon),1
#0008,Wartortle,/wiki/Wartortle_(Pok%C3%A9mon),1
#0009,Blastoise,/wiki/Blastoise_(Pok%C3%A9mon),1
#0010,Caterpie,/wiki/Caterpie_(Pok%C3%A9mon),1
#0011,Metapod,/wiki/Metapod_(Pok%C3%A9mon),1
#0012,Butterfree,/wiki/Butterfree_(Pok%C3%A9mon),1
#0013,Weedle,/wiki/Weedle_(Pok%C3%A9mon),1
#0014,Kakuna,/wiki/Kakuna_(Pok%C3%A9mon),1
#0015,Beedrill,/wiki/Beedrill_(Pok%C3%A9mon),1
#0016,Pidgey,/wiki/Pidgey_(Pok%C3%A9mon),1
#0017,Pidgeotto,/wiki/Pidgeotto_(Pok%C3%A9mon),1
#0018,Pidgeot,/wiki/Pidgeot_(Pok%C3%A9mon),1
#0019,Rattata,/wiki/Rattata_(Pok%C3%A9mon),1
#0020,Raticate,/wiki/Raticate_(Pok%C3%A9mon),1
#0021,Spearow,/wiki/Spearow_(Pok%C3%A9mon),1
#0022,Fearow,/wiki/Fearow_(Pok%C3%A9mon),1
#0023,Ekans,/wiki/Ekans_(Pok%C3%A9mon),1
#0024,Arbok,/wiki/Arbok_(Pok%C3%A9mon),1
#0025,Pikachu,/wiki/Pikachu_(Pok%C3%A9mon),1
#0026,Raichu,/wiki/Raichu_(Pok%C3%A9mon),1
#0027,Sandshrew,/wiki/Sandshrew_(Pok%C3%A9mon),1
#0028,Sandslash,/wiki/Sandslash_(Pok%C3%A9mon),1
#0029,Nidoran♀,/wiki/Nidoran%E2%99%80_(Pok%C3%A9mon),1
#0030,Nidorina,/wiki/Nidorina_(Pok%C3%A9mon),1
#0031,Nidoqueen,/wiki/Nidoqueen_(Pok%C3%A9mon),1
#0032,Nidoran♂,/wiki/Nidoran%E2%99%82_(Pok%C3%A9mon),1
#0033,Nidorino,/wiki/Nidorino_(Pok%C3%A9mon),1
#0034,Nidoking,/wiki/Nidoking_(Pok%C3%A9mon),1
#0035,Clefairy,/wiki/Clefairy_(Pok%C3%A9mon),1
#0036,Clefable,/wiki/Clefable_(Pok%C3%A9mon),1
#0037,Vulpix,/wiki/Vulpix_(Pok%C3%A9mon),1
#0038,Ninetales,/wiki/Ninetales_(Pok%C3%A9mon),1
#0039,Jigglypuff,/wiki/Jigglypuff_(Pok%C3%A9mon),1
#0040,Wigglytuff,/wiki/Wigglytuff_(Pok%C3%A9mon),1
#0041,Zubat,/wiki/Zubat_(Pok%C3%A9mon),1
#0042,Golbat,/wiki/Golbat_(Pok%C3%A9mon),1
#0043,Oddish,/wiki/Oddish_(Pok%C3%A9mon),1
#0044,Gloom,/wiki/Gloom_(Pok%C3%A9mon),1
#0045,Vileplume,/wiki/Vileplume_(Pok%C3%A9mon),1
#0046,Paras,/wiki/Paras_(Pok%C3%A9mon),1
#0047,Parasect,/wiki/Parasect_(Pok%C3%A9mon),1
#0048,Venonat,/wiki/Venonat_(Pok%C3%A9mon),1
#0049,Venomoth,/wiki/Venomoth_(Pok%C3%A9mon),1
#0050,Diglett,/wiki/Diglett_(Pok%C3%A9mon),1
#0051,Dugtrio,/wiki/Dugtrio_(Pok%C3%A9mon),1
#0052,Meowth,/wiki/Meowth_(Pok%C3%A9mon),1
#0053,Persian,/wiki/Persian_(Pok%C3%A9mon),1
#0054,Psyduck,/wiki/Psyduck_(Pok%C3%A9mon),1
#0055,Golduck,/wiki/Golduck_(Pok%C3%A9mon),1
#0056,Mankey,/wiki/Mankey_(Pok%C3%A9mon),1
#0057,Primeape,/wiki/Primeape_(Pok%C3%A9mon),1
#0058,Growlithe,/wiki/Growlithe_(Pok%C3%A9mon),1
#0059,Arcanine,/wiki/Arcanine_(Pok%C3%A9mon),1
#0060,Poliwag,/wiki/Poliwag_(Pok%C3%A9mon),1
#0061,Poliwhirl,/wiki/Poliwhirl_(Pok%C3%A9mon),1
#0062,Poliwrath,/wiki/Poliwrath_(Pok%C3%A9mon),1
#0063,Abra,/wiki/Abra_(Pok%C3%A9mon),1
#0064,Kadabra,/wiki/Kadabra_(Pok%C3%A9mon),1
#0065,Alakazam,/wiki/Alakazam_(Pok%C3%A9mon),1
#0066,Machop,/wiki/Machop_(Pok%C3%A9mon),1
#0067,Machoke,/wiki/Machoke_(Pok%C3%A9mon),1
#0068,Machamp,/wiki/Machamp_(Pok%C3%A9mon),1
#0069,Bellsprout,/wiki/Bellsprout_(Pok%C3%A9mon),1
#0070,Weepinbell,/wiki/Weepinbell_(Pok%C3%A9mon),1
#0071,Victreebel,/wiki/Victreebel_(Pok%C3%A9mon),1
#0072,Tentacool,/wiki/Tentacool_(Pok%C3%A9mon),1
#0073,Tentacruel,/wiki/Tentacruel_(Pok%C3%A9mon),1
#0074,Geodude,/wiki/Geodude_(Pok%C3%A9mon),1
#0075,Graveler,/wiki/Graveler_(Pok%C3%A9mon),1
#0076,Golem,/wiki/Golem_(Pok%C3%A9mon),1
#0077,Ponyta,/wiki/Ponyta_(Pok%C3%A9mon),1
#0078,Rapidash,/wiki/Rapidash_(Pok%C3%A9mon),1
#0079,Slowpoke,/wiki/Slowpoke_(Pok%C3%A9mon),1
#0080,Slowbro,/wiki/Slowbro_(Pok%C3%A9mon),1
#0081,Magnemite,/wiki/Magnemite_(Pok%C3%A9mon),1
#0082,Magneton,/wiki/Magneton_(Pok%C3%A9mon),1
#0083,Farfetch'd,/wiki/Farfetch%27d_(Pok%C3%A9mon),1
#0084,Doduo,/wiki/Doduo_(Pok%C3%A9mon),1
#0085,Dodrio,/wiki/Dodrio_(Pok%C3%A9mon),1
#0086,Seel,/wiki/Seel_(Pok%C3%A9mon),1
#0087,Dewgong,/wiki/Dewgong_(Pok%C3%A9mon),1
#0088,Grimer,/wiki/Grimer_(Pok%C3%A9mon),1
#0089,Muk,/wiki/Muk_(Pok%C3%A9mon),1
#0090,Shellder,/wiki/Shellder_(Pok%C3%A9mon),1
#0091,Cloyster,/wiki/Cloyster_(Pok%C3%A9mon),1
#0092,Gastly,/wiki/Gastly_(Pok%C3%A9mon),1
#0093,Haunter,/wiki/Haunter_(Pok%C3%A9mon),1
#0094,Gengar,/wiki/Gengar_(Pok%C3%A9mon),1
#0095,Onix,/wiki/Onix_(Pok%C3%A9mon),1
#0096,Drowzee,/wiki/Drowzee_(Pok%C3%A9mon),1
#0097,Hypno,/wiki/Hypno_(Pok%C3%A9mon),1
#0098,Krabby,/wiki/Krabby_(Pok%C3%A9mon),1
#0099,Kingler,/wiki/Kingler_(Pok%C3%A9mon),1
#0100,Voltorb,/wiki/Voltorb_(Pok%C3%A9mon),1
#0101,Electrode,/wiki/Electrode_(Pok%C3%A9mon),1
#0102,Exeggcute,/wiki/Exeggcute_(Pok%C3%A9mon),1
#0103,Exeggutor,/wiki/Exeggutor_(Pok%C3%A9mon),1
#0104,Cubone,/wiki/Cubone_(Pok%C3%A9mon),1
#0105,Marowak,/wiki/Marowak_(Pok%C3%A9mon),1
#0106,Hitmonlee,/wiki/Hitmonlee_(Pok%C3%A9mon),1
#0107,Hitmonchan,/wiki/Hitmonchan_(Pok%C3%A9mon),1
#0108,Lickitung,/wiki/Lickitung_(Pok%C3%A9mon),1
#0109,Koffing,/wiki/Koffing_(Pok%C3%A9mon),1
#0110,Weezing,/wiki/Weezing_(Pok%C3%A9mon),1
#0111,Rhyhorn,/wiki/Rhyhorn_(Pok%C3%A9mon),1
#0112,Rhydon,/wiki/Rhydon_(Pok%C3%A9mon),1
#0113,Chansey,/wiki/Chansey_(Pok%C3%A9mon),1
#0114,Tangela,/wiki/Tangela_(Pok%C3%A9mon),1
#0115,Kangaskhan,/wiki/Kangaskhan_(Pok%C3%A9mon),1
#0116,Horsea,/wiki/Horsea_(Pok%C3%A9mon),1
#0117,Seadra,/wiki/Seadra_(Pok%C3%A9mon),1
#0118,Goldeen,/wiki/Goldeen_(Pok%C3%A9mon),1
#0119,Seaking,/wiki/Seaking_(Pok%C3%A9mon),1
#0120,Staryu,/wiki/Staryu_(Pok%C3%A9mon),1
#0121,Starmie,/wiki/Starmie_(Pok%C3%A9mon),1
#0122,Mr. Mime,/wiki/Mr._Mime_(Pok%C3%A9mon),1
#0123,Scyther,/wiki/Scyther_(Pok%C3%A9mon),1
#0124,Jynx,/wiki/Jynx_(Pok%C3%A9mon),1
#0125,Electabuzz,/wiki/Electabuzz_(Pok%C3%A9mon),1
#0126,Magmar,/wiki/Magmar_(Pok%C3%A9mon),1
#0127,Pinsir,/wiki/Pinsir_(Pok%C3%A9mon),1
#0128,Tauros,/wiki/Tauros_(Pok%C3%A9mon),1
#0129,Magikarp,/wiki/Magikarp_(Pok%C3%A9mon),1
#0130,Gyarados,/wiki/Gyarados_(Pok%C3%A9mon),1
#0131,Lapras,/wiki/Lapras_(Pok%C3%A9mon),1
#0132,Ditto,/wiki/Ditto_(Pok%C3%A9mon),1
#0133,Eevee,/wiki/Eevee_(Pok%C3%A9mon),1
#0134,Vaporeon,/wiki/Vaporeon_(Pok%C3%A9mon),1
#0135,Jolteon,/wiki/Jolteon_(Pok%C3%A9mon),1
#0136,Flareon,/wiki/Flareon_(Pok%C3%A9mon),1
#0137,Porygon,/wiki/Porygon_(Pok%C3%A9mon),1
#0138,Omanyte,/wiki/Omanyte_(Pok%C3%A9mon),1
#0139,Omastar,/wiki/Omastar_(Pok%C3%A9mon),1
#0140,Kabuto,/wiki/Kabuto_(Pok%C3%A9mon),1
#0141,Kabutops,/wiki/Kabutops_(Pok%C3%A9mon),1
#0142,Aerodactyl,/wiki/Aerodactyl_(Pok%C3%A9mon),1
#0143,Snorlax,/wiki/Snorlax_(Pok%C3%A9mon),1
#0144,Articuno,/wiki/Articuno_(Pok%C3%A9mon),1
#0145,Zapdos,/wiki/Zapdos_(Pok%C3%A9mon),1
#0146,Moltres,/wiki/Moltres_(Pok%C3%A9mon),1
#0147,Dratini,/wiki/Dratini_(Pok%C3%A9mon),1
#0148,Dragonair,/wiki/Dragonair_(Pok%C3%A9mon),1
#0149,Dragonite,/wiki/Dragonite_(Pok%C3%A9mon),1
#0150,Mewtwo,/wiki/Mewtwo_(Pok%C3%A9mon),1
#0151,Mew,/wiki/Mew_(Pok%C3%A9mon),1
#0152,Chikorita,/wiki/Chikorita_(Pok%C3%A9mon),2
#0153,Bayleef,/wiki/Bayleef_(Pok%C3%A9mon),2
#0154,Meganium,/wiki/Meganium_(Pok%C3%A9mon),2
#0155,Cyndaquil,/wiki/Cyndaquil_(Pok%C3%A9mon),2
#0156,Quilava,/wiki/Quilava_(Pok%C3%A9mon),2
#0157,Typhlosion,/wiki/Typhlosion_(Pok%C3%A9mon),2
#0158,Totodile,/wiki/Totodile_(Pok%C3%A9mon),2
#0159,Croconaw,/wiki/Croconaw_(Pok%C3%A9mon),2
#0160,Feraligatr,/wiki/Feraligatr_(Pok%C3%A9mon),2
#0161,Sentret,/wiki/Sentret_(Pok%C3%A9mon),2
#0162,Furret,/wiki/Furret_(Pok%C3%A9mon),2
#0163,Hoothoot,/wiki/Hoothoot_(Pok%C3%A9mon),2
#0164,Noctowl,/wiki/Noctowl_(Pok%C3%A9mon),2
#0165,Ledyba,/wiki/Ledyba_(Pok%C3%A9mon),2
#0166,Ledian,/wiki/Ledian_(Pok%C3%A9mon),2
#0167,Spinarak,/wiki/Spinarak_(Pok%C3%A9mon),2
#0168,Ariados,/wiki/Ariados_(Pok%C3%A9mon),2
#0169,Crobat,/wiki/Crobat_(Pok%C3%A9mon),2
#0170,Chinchou,/wiki/Chinchou_(Pok%C3%A9mon),2
#0171,Lanturn,/wiki/Lanturn_(Pok%C3%A9mon),2
#0172,Pichu,/wiki/Pichu_(Pok%C3%A9mon),2
#0173,Cleffa,/wiki/Cleffa_(Pok%C3%A9mon),2
#0174,Igglybuff,/wiki/Igglybuff_(Pok%C3%A9mon),2
#0175,Togepi,/wiki/Togepi_(Pok%C3%A9mon),2
#0176,Togetic,/wiki/Togetic_(Pok%C3%A9mon),2
#0177,Natu,/wiki/Natu_(Pok%C3%A9mon),2
#0178,Xatu,/wiki/Xatu_(Pok%C3%A9mon),2
#0179,Mareep,/wiki/Mareep_(Pok%C3%A9mon),2
#0180,Flaaffy,/wiki/Flaaffy_(Pok%C3%A9mon),2
#0181,Ampharos,/wiki/Ampharos_(Pok%C3%A9mon),2
#0182,Bellossom,/wiki/Bellossom_(Pok%C3%A9mon),2
#0183,Marill,/wiki/Marill_(Pok%C3%A9mon),2
#0184,Azumarill,/wiki/Azumarill_(Pok%C3%A9mon),2
#0185,Sudowoodo,/wiki/Sudowoodo_(Pok%C3%A9mon),2
#0186,Politoed,/wiki/Politoed_(Pok%C3%A9mon),2
#0187,Hoppip,/wiki/Hoppip_(Pok%C3%A9mon),2
#0188,Skiploom,/wiki/Skiploom_(Pok%C3%A9mon),2
#0189,Jumpluff,/wiki/Jumpluff_(Pok%C3%A9mon),2
#0190,Aipom,/wiki/Aipom_(Pok%C3%A9mon),2
#0191,Sunkern,/wiki/Sunkern_(Pok%C3%A9mon),2
#0192,Sunflora,/wiki/Sunflora_(Pok%C3%A9mon),2
#0193,Yanma,/wiki/Yanma_(Pok%C3%A9mon),2
#0194,Wooper,/wiki/Wooper_(Pok%C3%A9mon),2
#0195,Quagsire,/wiki/Quagsire_(Pok%C3%A9mon),2
#0196,Espeon,/wiki/Espeon_(Pok%C3%A9mon),2
#0197,Umbreon,/wiki/Umbreon_(Pok%C3%A9mon),2
#0198,Murkrow,/wiki/Murkrow_(Pok%C3%A9mon),2
#0199,Slowking,/wiki/Slowking_(Pok%C3%A9mon),2
#0200,Misdreavus,/wiki/Misdreavus_(Pok%C3%A9mon),2
#0201,Unown,/wiki/Unown_(Pok%C3%A9mon),2
#0202,Wobbuffet,/wiki/Wobbuffet_(Pok%C3%A9mon),2
#0203,Girafarig,/wiki/Girafarig_(Pok%C3%A9mon),2
#0204,Pineco,/wiki/Pineco_(Pok%C3%A9mon),2
#0205,Forretress,/wiki/Forretress_(Pok%C3%A9mon),2
#0206,Dunsparce,/wiki/Dunsparce_(Pok%C3%A9mon),2
#0207,Gligar,/wiki/Gligar_(Pok%C3%A9mon),2
#0208,Steelix,/wiki/Steelix_(Pok%C3%A9mon),2
#0209,Snubbull,/wiki/Snubbull_(Pok%C3%A9mon),2
#0210,Granbull,/wiki/Granbull_(Pok%C3%A9mon),2
#0211,Qwilfish,/wiki/Qwilfish_(Pok%C3%A9mon),2
#0212,Scizor,/wiki/Scizor_(Pok%C3%A9mon),2
#0213,Shuckle,/wiki/Shuckle_(Pok%C3%A9mon),2
#0214,Heracross,/wiki/Heracross_(Pok%C3%A9mon),2
#0215,Sneasel,/wiki/Sneasel_(Pok%C3%A9mon),2
#0216,Teddiursa,/wiki/Teddiursa_(Pok%C3%A9mon),2
#0217,Ursaring,/wiki/Ursaring_(Pok%C3%A9mon),2
#0218,Slugma,/wiki/Slugma_(Pok%C3%A9mon),2
#0219,Magcargo,/wiki/Magcargo_(Pok%C3%A9mon),2
#0220,Swinub,/wiki/Swinub_(Pok%C3%A9mon),2
#0221,Piloswine,/wiki/Piloswine_(Pok%C3%A9mon),2
#0222,Corsola,/wiki/Corsola_(Pok%C3%A9mon),2
#0223,Remoraid,/wiki/Remoraid_(Pok%C3%A9mon),2
#0224,Octillery,/wiki/Octillery_(Pok%C3%A9mon),2
#0225,Delibird,/wiki/Delibird_(Pok%C3%A9mon),2
#0226,Mantine,/wiki/Mantine_(Pok%C3%A9mon),2
#0227,Skarmory,/wiki/Skarmory_(Pok%C3%A9mon),2
#0228,Houndour,/wiki/Houndour_(Pok%C3%A9mon),2
#0229,Houndoom,/wiki/Houndoom_(Pok%C3%A9mon),2
#0230,Kingdra,/wiki/Kingdra_(Pok%C3%A9mon),2
#0231,Phanpy,/wiki/Phanpy_(Pok%C3%A9mon),2
#0232,Donphan,/wiki/Donphan_(Pok%C3%A9mon),2
#0233,Porygon2,/wiki/Porygon2_(Pok%C3%A9mon),2
#0234,Stantler,/wiki/Stantler_(Pok%C3%A9mon),2
#0235,Smeargle,/wiki/Smeargle_(Pok%C3%A9mon),2
#0236,Tyrogue,/wiki/Tyrogue_(Pok%C3%A9mon),2
#0237,Hitmontop,/wiki/Hitmontop_(Pok%C3%A9mon),2
#0238,Smoochum,/wiki/Smoochum_(Pok%C3%A9mon),2
#0239,Elekid,/wiki/Elekid_(Pok%C3%A9mon),2
#0240,Magby,/wiki/Magby_(Pok%C3%A9mon),2
#0241,Miltank,/wiki/Miltank_(Pok%C3%A9mon),2
#0242,Blissey,/wiki/Blissey_(Pok%C3%A9mon),2
#0243,Raikou,/wiki/Raikou_(Pok%C3%A9mon),2
#0244,Entei,/wiki/Entei_(Pok%C3%A9mon),2
#0245,Suicune,/wiki/Suicune_(Pok%C3%A9mon),2
#0246,Larvitar,/wiki/Larvitar_(Pok%C3%A9mon),2
#0247,Pupitar,/wiki/Pupitar_(Pok%C3%A9mon),2
#0248,Tyranitar,/wiki/Tyranitar_(Pok%C3%A9mon),2
#0249,Lugia,/wiki/Lugia_(Pok%C3%A9mon),2
#0250,Ho-Oh,/wiki/Ho-Oh_(Pok%C3%A9mon),2
#0251,Celebi,/wiki/Celebi_(Pok%C3%A9mon),2
#0252,Treecko,/wiki/Treecko_(Pok%C3%A9mon),3
#0253,Grovyle,/wiki/Grovyle_(Pok%C3%A9mon),3
#0254,Sceptile,/wiki/Sceptile_(Pok%C3%A9mon),3
#0255,Torchic,/wiki/Torchic_(Pok%C3%A9mon),3
#0256,Combusken,/wiki/Combusken_(Pok%C3%A9mon),3
#0257,Blaziken,/wiki/Blaziken_(Pok%C3%A9mon),3
#0258,Mudkip,/wiki/Mudkip_(Pok%C3%A9mon),3
#0259,Marshtomp,/wiki/Marshtomp_(Pok%C3%A9mon),3
#0260,Swampert,/wiki/Swampert_(Pok%C3%A9mon),3
#0261,Poochyena,/wiki/Poochyena_(Pok%C3%A9mon),3
#0262,Mightyena,/wiki/Mightyena_(Pok%C3%A9mon),3
#0263,Zigzagoon,/wiki/Zigzagoon_(Pok%C3%A9mon),3
#0264,Linoone,/wiki/Linoone_(Pok%C3%A9mon),3
#0265,Wurmple,/wiki/Wurmple_(Pok%C3%A9mon),3
#0266,Silcoon,/wiki/Silcoon_(Pok%C3%A9mon),3
#0267,Beautifly,/wiki/Beautifly_(Pok%C3%A9mon),3
#0268,Cascoon,/wiki/Cascoon_(Pok%C3%A9mon),3
#0269,Dustox,/wiki/Dustox_(Pok%C3%A9mon),3
#0270,Lotad,/wiki/Lotad_(Pok%C3%A9mon),3
#0271,Lombre,/wiki/Lombre_(Pok%C3%A9mon),3
#0272,Ludicolo,/wiki/Ludicolo_(Pok%C3%A9mon),3
#0273,Seedot,/wiki/Seedot_(Pok%C3%A9mon),3
#0274,Nuzleaf,/wiki/Nuzleaf_(Pok%C3%A9mon),3
#0275,Shiftry,/wiki/Shiftry_(Pok%C3%A9mon),3
#0276,Taillow,/wiki/Taillow_(Pok%C3%A9mon),3
#0277,Swellow,/wiki/Swellow_(Pok%C3%A9mon),3
#0278,Wingull,/wiki/Wingull_(Pok%C3%A9mon),3
#0279,Pelipper,/wiki/Pelipper_(Pok%C3%A9mon),3
#0280,Ralts,/wiki/Ralts_(Pok%C3%A9mon),3
#0281,Kirlia,/wiki/Kirlia_(Pok%C3%A9mon),3
#0282,Gardevoir,/wiki/Gardevoir_(Pok%C3%A9mon),3
#0283,Surskit,/wiki/Surskit_(Pok%C3%A9mon),3
#0284,Masquerain,/wiki/Masquerain_(Pok%C3%A9mon),3
#0285,Shroomish,/wiki/Shroomish_(Pok%C3%A9mon),3
#0286,Breloom,/wiki/Breloom_(Pok%C3%A9mon),3
#0287,Slakoth,/wiki/Slakoth_(Pok%C3%A9mon),3
#0288,Vigoroth,/wiki/Vigoroth_(Pok%C3%A9mon),3
#0289,Slaking,/wiki/Slaking_(Pok%C3%A9mon),3
#0290,Nincada,/wiki/Nincada_(Pok%C3%A9mon),3
#0291,Ninjask,/wiki/Ninjask_(Pok%C3%A9mon),3
#0292,Shedinja,/wiki/Shedinja_(Pok%C3%A9mon),3
#0293,Whismur,/wiki/Whismur_(Pok%C3%A9mon),3
#0294,Loudred,/wiki/Loudred_(Pok%C3%A9mon),3
#0295,Exploud,/wiki/Exploud_(Pok%C3%A9mon),3
#0296,Makuhita,/wiki/Makuhita_(Pok%C3%A9mon),3
#0297,Hariyama,/wiki/Hariyama_(Pok%C3%A9mon),3
#0298,Azurill,/wiki/Azurill_(Pok%C3%A9mon),3
#0299,Nosepass,/wiki/Nosepass_(Pok%C3%A9mon),3
#0300,Skitty,/wiki/Skitty_(Pok%C3%A9mon),3
#0301,Delcatty,/wiki/Delcatty_(Pok%C3%A9mon),3
#0302,Sableye,/wiki/Sableye_(Pok%C3%A9mon),3
#0303,Mawile,/wiki/Mawile_(Pok%C3%A9mon),3
#0304,Aron,/wiki/Aron_(Pok%C3%A9mon),3
#0305,Lairon,/wiki/Lairon_(Pok%C3%A9mon),3
#0306,Aggron,/wiki/Aggron_(Pok%C3%A9mon),3
#0307,Meditite,/wiki/Meditite_(Pok%C3%A9mon),3
#0308,Medicham,/wiki/Medicham_(Pok%C3%A9mon),3
#0309,Electrike,/wiki/Electrike_(Pok%C3%A9mon),3
#0310,Manectric,/wiki/Manectric_(Pok%C3%A9mon),3
#0311,Plusle,/wiki/Plusle_(Pok%C3%A9mon),3
#0312,Minun,/wiki/Minun_(Pok%C3%A9mon),3
#0313,Volbeat,/wiki/Volbeat_(Pok%C3%A9mon),3
#0314,Illumise,/wiki/Illumise_(Pok%C3%A9mon),3
#0315,Roselia,/wiki/Roselia_(Pok%C3%A9mon),3
#0316,Gulpin,/wiki/Gulpin_(Pok%C3%A9mon),3
#0317,Swalot,/wiki/Swalot_(Pok%C3%A9mon),3
#0318,Carvanha,/wiki/Carvanha_(Pok%C3%A9mon),3
#0319,Sharpedo,/wiki/Sharpedo_(Pok%C3%A9mon),3
#0320,Wailmer,/wiki/Wailmer_(Pok%C3%A9mon),3
#0321,Wailord,/wiki/Wailord_(Pok%C3%A9mon),3
#0322,Numel,/wiki/Numel_(Pok%C3%A9mon),3
#0323,Camerupt,/wiki/Camerupt_(Pok%C3%A9mon),3
#0324,Torkoal,/wiki/Torkoal_(Pok%C3%A9mon),3
#0325,Spoink,/wiki/Spoink_(Pok%C3%A9mon),3
#0326,Grumpig,/wiki/Grumpig_(Pok%C3%A9mon),3
#0327,Spinda,/wiki/Spinda_(Pok%C3%A9mon),3
#0328,Trapinch,/wiki/Trapinch_(Pok%C3%A9mon),3
#0329,Vibrava,/wiki/Vibrava_(Pok%C3%A9mon),3
#0330,Flygon,/wiki/Flygon_(Pok%C3%A9mon),3
#0331,Cacnea,/wiki/Cacnea_(Pok%C3%A9mon),3
#0332,Cacturne,/wiki/Cacturne_(Pok%C3%A9mon),3
#0333,Swablu,/wiki/Swablu_(Pok%C3%A9mon),3
#0334,Altaria,/wiki/Altaria_(Pok%C3%A9mon),3
#0335,Zangoose,/wiki/Zangoose_(Pok%C3%A9mon),3
#0336,Seviper,/wiki/Seviper_(Pok%C3%A9mon),3
#0337,Lunatone,/wiki/Lunatone_(Pok%C3%A9mon),3
#0338,Solrock,/wiki/Solrock_(Pok%C3%A9mon),3
#0339,Barboach,/wiki/Barboach_(Pok%C3%A9mon),3
#0340,Whiscash,/wiki/Whiscash_(Pok%C3%A9mon),3
#0341,Corphish,/wiki/Corphish_(Pok%C3%A9mon),3
#0342,Crawdaunt,/wiki/Crawdaunt_(Pok%C3%A9mon),3
#0343,Baltoy,/wiki/Baltoy_(Pok%C3%A9mon),3
#0344,Claydol,/wiki/Claydol_(Pok%C3%A9mon),3
#0345,Lileep,/wiki/Lileep_(Pok%C3%A9mon),3
#0346,Cradily,/wiki/Cradily_(Pok%C3%A9mon),3
#0347,Anorith,/wiki/Anorith_(Pok%C3%A9mon),3
#0348,Armaldo,/wiki/Armaldo_(Pok%C3%A9mon),3
#0349,Feebas,/wiki/Feebas_(Pok%C3%A9mon),3
#0350,Milotic,/wiki/Milotic_(Pok%C3%A9mon),3
#0351,Castform,/wiki/Castform_(Pok%C3%A9mon),3
#0352,Kecleon,/wiki/Kecleon_(Pok%C3%A9mon),3
#0353,Shuppet,/wiki/Shuppet_(Pok%C3%A9mon),3
#0354,Banette,/wiki/Banette_(Pok%C3%A9mon),3
#0355,Duskull,/wiki/Duskull_(Pok%C3%A9mon),3
#0356,Dusclops,/wiki/Dusclops_(Pok%C3%A9mon),3
#0357,Tropius,/wiki/Tropius_(Pok%C3%A9mon),3
#0358,Chimecho,/wiki/Chimecho_(Pok%C3%A9mon),3
#0359,Absol,/wiki/Absol_(Pok%C3%A9mon),3
#0360,Wynaut,/wiki/Wynaut_(Pok%C3%A9mon),3
#0361,Snorunt,/wiki/Snorunt_(Pok%C3%A9mon),3
#0362,Glalie,/wiki/Glalie_(Pok%C3%A9mon),3
#0363,Spheal,/wiki/Spheal_(Pok%C3%A9mon),3
#0364,Sealeo,/wiki/Sealeo_(Pok%C3%A9mon),3
#0365,Walrein,/wiki/Walrein_(Pok%C3%A9mon),3
#0366,Clamperl,/wiki/Clamperl_(Pok%C3%A9mon),3
#0367,Huntail,/wiki/Huntail_(Pok%C3%A9mon),3
#0368,Gorebyss,/wiki/Gorebyss_(Pok%C3%A9mon),3
#0369,Relicanth,/wiki/Relicanth_(Pok%C3%A9mon),3
#0370,Luvdisc,/wiki/Luvdisc_(Pok%C3%A9mon),3
#0371,Bagon,/wiki/Bagon_(Pok%C3%A9mon),3
#0372,Shelgon,/wiki/Shelgon_(Pok%C3%A9mon),3
#0373,Salamence,/wiki/Salamence_(Pok%C3%A9mon),3
#0374,Beldum,/wiki/Beldum_(Pok%C3%A9mon),3
#0375,Metang,/wiki/Metang_(Pok%C3%A9mon),3
#0376,Metagross,/wiki/Metagross_(Pok%C3%A9mon),3
#0377,Regirock,/wiki/Regirock_(Pok%C3%A9mon),3
#0378,Regice,/wiki/Regice_(Pok%C3%A9mon),3
#0379,Registeel,/wiki/Registeel_(Pok%C3%A9mon),3
#0380,Latias,/wiki/Latias_(Pok%C3%A9mon),3
#0381,Latios,/wiki/Latios_(Pok%C3%A9mon),3
#0382,Kyogre,/wiki/Kyogre_(Pok%C3%A9mon),3
#0383,Groudon,/wiki/Groudon_(Pok%C3%A9mon),3
#0384,Rayquaza,/wiki/Rayquaza_(Pok%C3%A9mon),3
#0385,Jirachi,/wiki/Jirachi_(Pok%C3%A9mon),3
#0386,Deoxys,/wiki/Deoxys_(Pok%C3%A9mon),3
#0387,Turtwig,/wiki/Turtwig_(Pok%C3%A9mon),4
#0388,Grotle,/wiki/Grotle_(Pok%C3%A9mon),4
#0389,Torterra,/wiki/Torterra_(Pok%C3%A9mon),4
#0390,Chimchar,/wiki/Chimchar_(Pok%C3%A9mon),4
#0391,Monferno,/wiki/Monferno_(Pok%C3%A9mon),4
#0392,Infernape,/wiki/Infernape_(Pok%C3%A9mon),4
#0393,Piplup,/wiki/Piplup_(Pok%C3%A9mon),4
#0394,Prinplup,/wiki/Prinplup_(Pok%C3%A9mon),4
#0395,Empoleon,/wiki/Empoleon_(Pok%C3%A9mon),4
#0396,Starly,/wiki/Starly_(Pok%C3%A9mon),4
#0397,Staravia,/wiki/Staravia_(Pok%C3%A9mon),4
#0398,Staraptor,/wiki/Staraptor_(Pok%C3%A9mon),4
#0399,Bidoof,/wiki/Bidoof_(Pok%C3%A9mon),4
#0400,Bibarel,/wiki/Bibarel_(Pok%C3%A9mon),4
#0401,Kricketot,/wiki/Kricketot_(Pok%C3%A9mon),4
#0402,Kricketune,/wiki/Kricketune_(Pok%C3%A9mon),4
#0403,Shinx,/wiki/Shinx_(Pok%C3%A9mon),4
#0404,Luxio,/wiki/Luxio_(Pok%C3%A9mon),4
#0405,Luxray,/wiki/Luxray_(Pok%C3%A9mon),4
#0406,Budew,/wiki/Budew_(Pok%C3%A9mon),4
#0407,Roserade,/wiki/Roserade_(Pok%C3%A9mon),4
#0408,Cranidos,/wiki/Cranidos_(Pok%C3%A9mon),4
#0409,Rampardos,/wiki/Rampardos_(Pok%C3%A9mon),4
#0410,Shieldon,/wiki/Shieldon_(Pok%C3%A9mon),4
#0411,Bastiodon,/wiki/Bastiodon_(Pok%C3%A9mon),4
#0412,Burmy,/wiki/Burmy_(Pok%C3%A9mon),4
#0413,Wormadam,/wiki/Wormadam_(Pok%C3%A9mon),4
#0414,Mothim,/wiki/Mothim_(Pok%C3%A9mon),4
#0415,Combee,/wiki/Combee_(Pok%C3%A9mon),4
#0416,Vespiquen,/wiki/Vespiquen_(Pok%C3%A9mon),4
#0417,Pachirisu,/wiki/Pachirisu_(Pok%C3%A9mon),4
#0418,Buizel,/wiki/Buizel_(Pok%C3%A9mon),4
#0419,Floatzel,/wiki/Floatzel_(Pok%C3%A9mon),4
#0420,Cherubi,/wiki/Cherubi_(Pok%C3%A9mon),4
#0421,Cherrim,/wiki/Cherrim_(Pok%C3%A9mon),4
#0422,Shellos,/wiki/Shellos_(Pok%C3%A9mon),4
#0423,Gastrodon,/wiki/Gastrodon_(Pok%C3%A9mon),4
#0424,Ambipom,/wiki/Ambipom_(Pok%C3%A9mon),4
#0425,Drifloon,/wiki/Drifloon_(Pok%C3%A9mon),4
#0426,Drifblim,/wiki/Drifblim_(Pok%C3%A9mon),4
#0427,Buneary,/wiki/Buneary_(Pok%C3%A9mon),4
#0428,Lopunny,/wiki/Lopunny_(Pok%C3%A9mon),4
#0429,Mismagius,/wiki/Mismagius_(Pok%C3%A9mon),4
#0430,Honchkrow,/wiki/Honchkrow_(Pok%C3%A9mon),4
#0431,Glameow,/wiki/Glameow_(Pok%C3%A9mon),4
#0432,Purugly,/wiki/Purugly_(Pok%C3%A9mon),4
#0433,Chingling,/wiki/Chingling_(Pok%C3%A9mon),4
#0434,Stunky,/wiki/Stunky_(Pok%C3%A9mon),4
#0435,Skuntank,/wiki/Skuntank_(Pok%C3%A9mon),4
#0436,Bronzor,/wiki/Bronzor_(Pok%C3%A9mon),4
#0437,Bronzong,/wiki/Bronzong_(Pok%C3%A9mon),4
#0438,Bonsly,/wiki/Bonsly_(Pok%C3%A9mon),4
#0439,Mime Jr.,/wiki/Mime_Jr._(Pok%C3%A9mon),4
#0440,Happiny,/wiki/Happiny_(Pok%C3%A9mon),4
#0441,Chatot,/wiki/Chatot_(Pok%C3%A9mon),4
#0442,Spiritomb,/wiki/Spiritomb_(Pok%C3%A9mon),4
#0443,Gible,/wiki/Gible_(Pok%C3%A9mon),4
#0444,Gabite,/wiki/Gabite_(Pok%C3%A9mon),4
#0445,Garchomp,/wiki/Garchomp_(Pok%C3%A9mon),4
#0446,Munchlax,/wiki/Munchlax_(Pok%C3%A9mon),4
#0447,Riolu,/wiki/Riolu_(Pok%C3%A9mon),4
#0448,Lucario,/wiki/Lucario_(Pok%C3%A9mon),4
#0449,Hippopotas,/wiki/Hippopotas_(Pok%C3%A9mon),4
#0450,Hippowdon,/wiki/Hippowdon_(Pok%C3%A9mon),4
#0451,Skorupi,/wiki/Skorupi_(Pok%C3%A9mon),4
#0452,Drapion,/wiki/Drapion_(Pok%C3%A9mon),4
#0453,Croagunk,/wiki/Croagunk_(Pok%C3%A9mon),4
#0454,Toxicroak,/wiki/Toxicroak_(Pok%C3%A9mon),4
#0455,Carnivine,/wiki/Carnivine_(Pok%C3%A9mon),4
#0456,Finneon,/wiki/Finneon_(Pok%C3%A9mon),4
#0457,Lumineon,/wiki/Lumineon_(Pok%C3%A9mon),4
#0458,Mantyke,/wiki/Mantyke_(Pok%C3%A9mon),4
#0459,Snover,/wiki/Snover_(Pok%C3%A9mon),4
#0460,Abomasnow,/wiki/Abomasnow_(Pok%C3%A9mon),4
#0461,Weavile,/wiki/Weavile_(Pok%C3%A9mon),4
#0462,Magnezone,/wiki/Magnezone_(Pok%C3%A9mon),4
#0463,Lickilicky,/wiki/Lickilicky_(Pok%C3%A9mon),4
#0464,Rhyperior,/wiki/Rhyperior_(Pok%C3%A9mon),4
#0465,Tangrowth,/wiki/Tangrowth_(Pok%C3%A9mon),4
#0466,Electivire,/wiki/Electivire_(Pok%C3%A9mon),4
#0467,Magmortar,/wiki/Magmortar_(Pok%C3%A9mon),4
#0468,Togekiss,/wiki/Togekiss_(Pok%C3%A9mon),4
#0469,Yanmega,/wiki/Yanmega_(Pok%C3%A9mon),4
#0470,Leafeon,/wiki/Leafeon_(Pok%C3%A9mon),4
#0471,Glaceon,/wiki/Glaceon_(Pok%C3%A9mon),4
#0472,Gliscor,/wiki/Gliscor_(Pok%C3%A9mon),4
#0473,Mamoswine,/wiki/Mamoswine_(Pok%C3%A9mon),4
#0474,Porygon-Z,/wiki/Porygon-Z_(Pok%C3%A9mon),4
#0475,Gallade,/wiki/Gallade_(Pok%C3%A9mon),4
#0476,Probopass,/wiki/Probopass_(Pok%C3%A9mon),4
#0477,Dusknoir,/wiki/Dusknoir_(Pok%C3%A9mon),4
#0478,Froslass,/wiki/Froslass_(Pok%C3%A9mon),4
#0479,Rotom,/wiki/Rotom_(Pok%C3%A9mon),4
#0480,Uxie,/wiki/Uxie_(Pok%C3%A9mon),4
#0481,Mesprit,/wiki/Mesprit_(Pok%C3%A9mon),4
#0482,Azelf,/wiki/Azelf_(Pok%C3%A9mon),4
#0483,Dialga,/wiki/Dialga_(Pok%C3%A9mon),4
#0484,Palkia,/wiki/Palkia_(Pok%C3%A9mon),4
#0485,Heatran,/wiki/Heatran_(Pok%C3%A9mon),4
#0486,Regigigas,/wiki/Regigigas_(Pok%C3%A9mon),4
#0487,Giratina,/wiki/Giratina_(Pok%C3%A9mon),4
#0488,Cresselia,/wiki/Cresselia_(Pok%C3%A9mon),4
#0489,Phione,/wiki/Phione_(Pok%C3%A9mon),4
#0490,Manaphy,/wiki/Manaphy_(Pok%C3%A9mon),4
#0491,Darkrai,/wiki/Darkrai_(Pok%C3%A9mon),4
#0492,Shaymin,/wiki/Shaymin_(Pok%C3%A9mon),4
#0493,Arceus,/wiki/Arceus_(Pok%C3%A9mon),4
#0494,Victini,/wiki/Victini_(Pok%C3%A9mon),5
#0495,Snivy,/wiki/Snivy_(Pok%C3%A9mon),5
#0496,Servine,/wiki/Servine_(Pok%C3%A9mon),5
#0497,Serperior,/wiki/Serperior_(Pok%C3%A9mon),5
#0498,Tepig,/wiki/Tepig_(Pok%C3%A9mon),5
#0499,Pignite,/wiki/Pignite_(Pok%C3%A9mon),5
#0500,Emboar,/wiki/Emboar_(Pok%C3%A9mon),5
#0501,Oshawott,/wiki/Oshawott_(Pok%C3%A9mon),5
#0502,Dewott,/wiki/Dewott_(Pok%C3%A9mon),5
#0503,Samurott,/wiki/Samurott_(Pok%C3%A9mon),5
#0504,Patrat,/wiki/Patrat_(Pok%C3%A9mon),5
#0505,Watchog,/wiki/Watchog_(Pok%C3%A9mon),5
#0506,Lillipup,/wiki/Lillipup_(Pok%C3%A9mon),5
#0507,Herdier,/wiki/Herdier_(Pok%C3%A9mon),5
#0508,Stoutland,/wiki/Stoutland_(Pok%C3%A9mon),5
#0509,Purrloin,/wiki/Purrloin_(Pok%C3%A9mon),5
#0510,Liepard,/wiki/Liepard_(Pok%C3%A9mon),5
#0511,Pansage,/wiki/Pansage_(Pok%C3%A9mon),5
#0512,Simisage,/wiki/Simisage_(Pok%C3%A9mon),5
#0513,Pansear,/wiki/Pansear_(Pok%C3%A9mon),5
#0514,Simisear,/wiki/Simisear_(Pok%C3%A9mon),5
#0515,Panpour,/wiki/Panpour_(Pok%C3%A9mon),5
#0516,Simipour,/wiki/Simipour_(Pok%C3%A9mon),5
#0517,Munna,/wiki/Munna_(Pok%C3%A9mon),5
#0518,Musharna,/wiki/Musharna_(Pok%C3%A9mon),5
#0519,Pidove,/wiki/Pidove_(Pok%C3%A9mon),5
#0520,Tranquill,/wiki/Tranquill_(Pok%C3%A9mon),5
#0521,Unfezant,/wiki/Unfezant_(Pok%C3%A9mon),5
#0522,Blitzle,/wiki/Blitzle_(Pok%C3%A9mon),5
#0523,Zebstrika,/wiki/Zebstrika_(Pok%C3%A9mon),5
#0524,Roggenrola,/wiki/Roggenrola_(Pok%C3%A9mon),5
#0525,Boldore,/wiki/Boldore_(Pok%C3%A9mon),5
#0526,Gigalith,/wiki/Gigalith_(Pok%C3%A9mon),5
#0527,Woobat,/wiki/Woobat_(Pok%C3%A9mon),5
#0528,Swoobat,/wiki/Swoobat_(Pok%C3%A9mon),5
#0529,Drilbur,/wiki/Drilbur_(Pok%C3%A9mon),5
#0530,Excadrill,/wiki/Excadrill_(Pok%C3%A9mon),5
#0531,Audino,/wiki/Audino_(Pok%C3%A9mon),5
#0532,Timburr,/wiki/Timburr_(Pok%C3%A9mon),5
#0533,Gurdurr,/wiki/Gurdurr_(Pok%C3%A9mon),5
#0534,Conkeldurr,/wiki/Conkeldurr_(Pok%C3%A9mon),5
#0535,Tympole,/wiki/Tympole_(Pok%C3%A9mon),5
#0536,Palpitoad,/wiki/Palpitoad_(Pok%C3%A9mon),5
#0537,Seismitoad,/wiki/Seismitoad_(Pok%C3%A9mon),5
#0538,Throh,/wiki/Throh_(Pok%C3%A9mon),5
#0539,Sawk,/wiki/Sawk_(Pok%C3%A9mon),5
#0540,Sewaddle,/wiki/Sewaddle_(Pok%C3%A9mon),5
#0541,Swadloon,/wiki/Swadloon_(Pok%C3%A9mon),5
#0542,Leavanny,/wiki/Leavanny_(Pok%C3%A9mon),5
#0543,Venipede,/wiki/Venipede_(Pok%C3%A9mon),5
#0544,Whirlipede,/wiki/Whirlipede_(Pok%C3%A9mon),5
#0545,Scolipede,/wiki/Scolipede_(Pok%C3%A9mon),5
#0546,Cottonee,/wiki/Cottonee_(Pok%C3%A9mon),5
#0547,Whimsicott,/wiki/Whimsicott_(Pok%C3%A9mon),5
#0548,Petilil,/wiki/Petilil_(Pok%C3%A9mon),5
#0549,Lilligant,/wiki/Lilligant_(Pok%C3%A9mon),5
#0550,Basculin,/wiki/Basculin_(Pok%C3%A9mon),5
#0551,Sandile,/wiki/Sandile_(Pok%C3%A9mon),5
#0552,Krokorok,/wiki/Krokorok_(Pok%C3%A9mon),5
#0553,Krookodile,/wiki/Krookodile_(Pok%C3%A9mon),5
#0554,Darumaka,/wiki/Darumaka_(Pok%C3%A9mon),5
#0555,Darmanitan,/wiki/Darmanitan_(Pok%C3%A9mon),5
#0556,Maractus,/wiki/Maractus_(Pok%C3%A9mon),5
#0557,Dwebble,/wiki/Dwebble_(Pok%C3%A9mon),5
#0558,Crustle,/wiki/Crustle_(Pok%C3%A9mon),5
#0559,Scraggy,/wiki/Scraggy_(Pok%C3%A9mon),5
#0560,Scrafty,/wiki/Scrafty_(Pok%C3%A9mon),5
#0561,Sigilyph,/wiki/Sigilyph_(Pok%C3%A9mon),5
#0562,Yamask,/wiki/Yamask_(Pok%C3%A9mon),5
#0563,Cofagrigus,/wiki/Cofagrigus_(Pok%C3%A9mon),5
#0564,Tirtouga,/wiki/Tirtouga_(Pok%C3%A9mon),5
#0565,Carracosta,/wiki/Carracosta_(Pok%C3%A9mon),5
#0566,Archen,/wiki/Archen_(Pok%C3%A9mon),5
#0567,Archeops,/wiki/Archeops_(Pok%C3%A9mon),5
#0568,Trubbish,/wiki/Trubbish_(Pok%C3%A9mon),5
#0569,Garbodor,/wiki/Garbodor_(Pok%C3%A9mon),5
#0570,Zorua,/wiki/Zorua_(Pok%C3%A9mon),5
#0571,Zoroark,/wiki/Zoroark_(Pok%C3%A9mon),5
#0572,Minccino,/wiki/Minccino_(Pok%C3%A9mon),5
#0573,Cinccino,/wiki/Cinccino_(Pok%C3%A9mon),5
#0574,Gothita,/wiki/Gothita_(Pok%C3%A9mon),5
#0575,Gothorita,/wiki/Gothorita_(Pok%C3%A9mon),5
#0576,Gothitelle,/wiki/Gothitelle_(Pok%C3%A9mon),5
#0577,Solosis,/wiki/Solosis_(Pok%C3%A9mon),5
#0578,Duosion,/wiki/Duosion_(Pok%C3%A9mon),5
#0579,Reuniclus,/wiki/Reuniclus_(Pok%C3%A9mon),5
#0580,Ducklett,/wiki/Ducklett_(Pok%C3%A9mon),5
#0581,Swanna,/wiki/Swanna_(Pok%C3%A9mon),5
#0582,Vanillite,/wiki/Vanillite_(Pok%C3%A9mon),5
#0583,Vanillish,/wiki/Vanillish_(Pok%C3%A9mon),5
#0584,Vanilluxe,/wiki/Vanilluxe_(Pok%C3%A9mon),5
#0585,Deerling,/wiki/Deerling_(Pok%C3%A9mon),5
#0586,Sawsbuck,/wiki/Sawsbuck_(Pok%C3%A9mon),5
#0587,Emolga,/wiki/Emolga_(Pok%C3%A9mon),5
#0588,Karrablast,/wiki/Karrablast_(Pok%C3%A9mon),5
#0589,Escavalier,/wiki/Escavalier_(Pok%C3%A9mon),5
#0590,Foongus,/wiki/Foongus_(Pok%C3%A9mon),5
#0591,Amoonguss,/wiki/Amoonguss_(Pok%C3%A9mon),5
#0592,Frillish,/wiki/Frillish_(Pok%C3%A9mon),5
#0593,Jellicent,/wiki/Jellicent_(Pok%C3%A9mon),5
#0594,Alomomola,/wiki/Alomomola_(Pok%C3%A9mon),5
#0595,Joltik,/wiki/Joltik_(Pok%C3%A9mon),5
#0596,Galvantula,/wiki/Galvantula_(Pok%C3%A9mon),5
#0597,Ferroseed,/wiki/Ferroseed_(Pok%C3%A9mon),5
#0598,Ferrothorn,/wiki/Ferrothorn_(Pok%C3%A9mon),5
#0599,Klink,/wiki/Klink_(Pok%C3%A9mon),5
#0600,Klang,/wiki/Klang_(Pok%C3%A9mon),5
#0601,Klinklang,/wiki/Klinklang_(Pok%C3%A9mon),5
#0602,Tynamo,/wiki/Tynamo_(Pok%C3%A9mon),5
#0603,Eelektrik,/wiki/Eelektrik_(Pok%C3%A9mon),5
#0604,Eelektross,/wiki/Eelektross_(Pok%C3%A9mon),5
#0605,Elgyem,/wiki/Elgyem_(Pok%C3%A9mon),5
#0606,Beheeyem,/wiki/Beheeyem_(Pok%C3%A9mon),5
#0607,Litwick,/wiki/Litwick_(Pok%C3%A9mon),5
#0608,Lampent,/wiki/Lampent_(Pok%C3%A9mon),5
#0609,Chandelure,/wiki/Chandelure_(Pok%C3%A9mon),5
#0610,Axew,/wiki/Axew_(Pok%C3%A9mon),5
#0611,Fraxure,/wiki/Fraxure_(Pok%C3%A9mon),5
#0612,Haxorus,/wiki/Haxorus_(Pok%C3%A9mon),5
#0613,Cubchoo,/wiki/Cubchoo_(Pok%C3%A9mon),5
#0614,Beartic,/wiki/Beartic_(Pok%C3%A9mon),5
#0615,Cryogonal,/wiki/Cryogonal_(Pok%C3%A9mon),5
#0616,Shelmet,/wiki/Shelmet_(Pok%C3%A9mon),5
#0617,Accelgor,/wiki/Accelgor_(Pok%C3%A9mon),5
#0618,Stunfisk,/wiki/Stunfisk_(Pok%C3%A9mon),5
#0619,Mienfoo,/wiki/Mienfoo_(Pok%C3%A9mon),5
#0620,Mienshao,/wiki/Mienshao_(Pok%C3%A9mon),5
#0621,Druddigon,/wiki/Druddigon_(Pok%C3%A9mon),5
#0622,Golett,/wiki/Golett_(Pok%C3%A9mon),5
#0623,Golurk,/wiki/Golurk_(Pok%C3%A9mon),5
#0624,Pawniard,/wiki/Pawniard_(Pok%C3%A9mon),5
#0625,Bisharp,/wiki/Bisharp_(Pok%C3%A9mon),5
#0626,Bouffalant,/wiki/Bouffalant_(Pok%C3%A9mon),5
#0627,Rufflet,/wiki/Rufflet_(Pok%C3%A9mon),5
#0628,Braviary,/wiki/Braviary_(Pok%C3%A9mon),5
#0629,Vullaby,/wiki/Vullaby_(Pok%C3%A9mon),5
#0630,Mandibuzz,/wiki/Mandibuzz_(Pok%C3%A9mon),5
#0631,Heatmor,/wiki/Heatmor_(Pok%C3%A9mon),5
#0632,Durant,/wiki/Durant_(Pok%C3%A9mon),5
#0633,Deino,/wiki/Deino_(Pok%C3%A9mon),5
#0634,Zweilous,/wiki/Zweilous_(Pok%C3%A9mon),5
#0635,Hydreigon,/wiki/Hydreigon_(Pok%C3%A9mon),5
#0636,Larvesta,/wiki/Larvesta_(Pok%C3%A9mon),5
#0637,Volcarona,/wiki/Volcarona_(Pok%C3%A9mon),5
#0638,Cobalion,/wiki/Cobalion_(Pok%C3%A9mon),5
#0639,Terrakion,/wiki/Terrakion_(Pok%C3%A9mon),5
#0640,Virizion,/wiki/Virizion_(Pok%C3%A9mon),5
#0641,Tornadus,/wiki/Tornadus_(Pok%C3%A9mon),5
#0642,Thundurus,/wiki/Thundurus_(Pok%C3%A9mon),5
#0643,Reshiram,/wiki/Reshiram_(Pok%C3%A9mon),5
#0644,Zekrom,/wiki/Zekrom_(Pok%C3%A9mon),5
#0645,Landorus,/wiki/Landorus_(Pok%C3%A9mon),5
#0646,Kyurem,/wiki/Kyurem_(Pok%C3%A9mon),5
#0647,Keldeo,/wiki/Keldeo_(Pok%C3%A9mon),5
#0648,Meloetta,/wiki/Meloetta_(Pok%C3%A9mon),5
#0649,Genesect,/wiki/Genesect_(Pok%C3%A9mon),5
#0650,Chespin,/wiki/Chespin_(Pok%C3%A9mon),6
#0651,Quilladin,/wiki/Quilladin_(Pok%C3%A9mon),6
#0652,Chesnaught,/wiki/Chesnaught_(Pok%C3%A9mon),6
#0653,Fennekin,/wiki/Fennekin_(Pok%C3%A9mon),6
#0654,Braixen,/wiki/Braixen_(Pok%C3%A9mon),6
#0655,Delphox,/wiki/Delphox_(Pok%C3%A9mon),6
#0656,Froakie,/wiki/Froakie_(Pok%C3%A9mon),6
#0657,Frogadier,/wiki/Frogadier_(Pok%C3%A9mon),6
#0658,Greninja,/wiki/Greninja_(Pok%C3%A9mon),6
#0659,Bunnelby,/wiki/Bunnelby_(Pok%C3%A9mon),6
#0660,Diggersby,/wiki/Diggersby_(Pok%C3%A9mon),6
#0661,Fletchling,/wiki/Fletchling_(Pok%C3%A9mon),6
#0662,Fletchinder,/wiki/Fletchinder_(Pok%C3%A9mon),6
#0663,Talonflame,/wiki/Talonflame_(Pok%C3%A9mon),6
#0664,Scatterbug,/wiki/Scatterbug_(Pok%C3%A9mon),6
#0665,Spewpa,/wiki/Spewpa_(Pok%C3%A9mon),6
#0666,Vivillon,/wiki/Vivillon_(Pok%C3%A9mon),6
#0667,Litleo,/wiki/Litleo_(Pok%C3%A9mon),6
#0668,Pyroar,/wiki/Pyroar_(Pok%C3%A9mon),6
#0669,Flabébé,/wiki/Flab%C3%A9b%C3%A9_(Pok%C3%A9mon),6
#0670,Floette,/wiki/Floette_(Pok%C3%A9mon),6
#0671,Florges,/wiki/Florges_(Pok%C3%A9mon),6
#0672,Skiddo,/wiki/Skiddo_(Pok%C3%A9mon),6
#0673,Gogoat,/wiki/Gogoat_(Pok%C3%A9mon),6
#0674,Pancham,/wiki/Pancham_(Pok%C3%A9mon),6
#0675,Pangoro,/wiki/Pangoro_(Pok%C3%A9mon),6
#0676,Furfrou,/wiki/Furfrou_(Pok%C3%A9mon),6
#0677,Espurr,/wiki/Espurr_(Pok%C3%A9mon),6
#0678,Meowstic,/wiki/Meowstic_(Pok%C3%A9mon),6
#0679,Honedge,/wiki/Honedge_(Pok%C3%A9mon),6
#0680,Doublade,/wiki/Doublade_(Pok%C3%A9mon),6
#0681,Aegislash,/wiki/Aegislash_(Pok%C3%A9mon),6
#0682,Spritzee,/wiki/Spritzee_(Pok%C3%A9mon),6
#0683,Aromatisse,/wiki/Aromatisse_(Pok%C3%A9mon),6
#0684,Swirlix,/wiki/Swirlix_(Pok%C3%A9mon),6
#0685,Slurpuff,/wiki/Slurpuff_(Pok%C3%A9mon),6
#0686,Inkay,/wiki/Inkay_(Pok%C3%A9mon),6
#0687,Malamar,/wiki/Malamar_(Pok%C3%A9mon),6
#0688,Binacle,/wiki/Binacle_(Pok%C3%A9mon),6
#0689,Barbaracle,/wiki/Barbaracle_(Pok%C3%A9mon),6
#0690,Skrelp,/wiki/Skrelp_(Pok%C3%A9mon),6
#0691,Dragalge,/wiki/Dragalge_(Pok%C3%A9mon),6
#0692,Clauncher,/wiki/Clauncher_(Pok%C3%A9mon),6
#0693,Clawitzer,/wiki/Clawitzer_(Pok%C3%A9mon),6
#0694,Helioptile,/wiki/Helioptile_(Pok%C3%A9mon),6
#0695,Heliolisk,/wiki/Heliolisk_(Pok%C3%A9mon),6
#0696,Tyrunt,/wiki/Tyrunt_(Pok%C3%A9mon),6
#0697,Tyrantrum,/wiki/Tyrantrum_(Pok%C3%A9mon),6
#0698,Amaura,/wiki/Amaura_(Pok%C3%A9mon),6
#0699,Aurorus,/wiki/Aurorus_(Pok%C3%A9mon),6
#0700,Sylveon,/wiki/Sylveon_(Pok%C3%A9mon),6
#0701,Hawlucha,/wiki/Hawlucha_(Pok%C3%A9mon),6
#0702,Dedenne,/wiki/Dedenne_(Pok%C3%A9mon),6
#0703,Carbink,/wiki/Carbink_(Pok%C3%A9mon),6
#0704,Goomy,/wiki/Goomy_(Pok%C3%A9mon),6
#0705,Sliggoo,/wiki/Sliggoo_(Pok%C3%A9mon),6
#0706,Goodra,/wiki/Goodra_(Pok%C3%A9mon),6
#0707,Klefki,/wiki/Klefki_(Pok%C3%A9mon),6
#0708,Phantump,/wiki/Phantump_(Pok%C3%A9mon),6
#0709,Trevenant,/wiki/Trevenant_(Pok%C3%A9mon),6
#0710,Pumpkaboo,/wiki/Pumpkaboo_(Pok%C3%A9mon),6
#0711,Gourgeist,/wiki/Gourgeist_(Pok%C3%A9mon),6
#0712,Bergmite,/wiki/Bergmite_(Pok%C3%A9mon),6
#0713,Avalugg,/wiki/Avalugg_(Pok%C3%A9mon),6
#0714,Noibat,/wiki/Noibat_(Pok%C3%A9mon),6
#0715,Noivern,/wiki/Noivern_(Pok%C3%A9mon),6
#0716,Xerneas,/wiki/Xerneas_(Pok%C3%A9mon),6
#0717,Yveltal,/wiki/Yveltal_(Pok%C3%A9mon),6
#0718,Zygarde,/wiki/Zygarde_(Pok%C3%A9mon),6
#0719,Diancie,/wiki/Diancie_(Pok%C3%A9mon),6
#0720,Hoopa,/wiki/Hoopa_(Pok%C3%A9mon),6
#0721,Volcanion,/wiki/Volcanion_(Pok%C3%A9mon),6
#0722,Rowlet,/wiki/Rowlet_(Pok%C3%A9mon),7
#0723,Dartrix,/wiki/Dartrix_(Pok%C3%A9mon),7
#0724,Decidueye,/wiki/Decidueye_(Pok%C3%A9mon),7
#0725,Litten,/wiki/Litten_(Pok%C3%A9mon),7
#0726,Torracat,/wiki/Torracat_(Pok%C3%A9mon),7
#0727,Incineroar,/wiki/Incineroar_(Pok%C3%A9mon),7
#0728,Popplio,/wiki/Popplio_(Pok%C3%A9mon),7
#0729,Brionne,/wiki/Brionne_(Pok%C3%A9mon),7
#0730,Primarina,/wiki/Primarina_(Pok%C3%A9mon),7
#0731,Pikipek,/wiki/Pikipek_(Pok%C3%A9mon),7
#0732,Trumbeak,/wiki/Trumbeak_(Pok%C3%A9mon),7
#0733,Toucannon,/wiki/Toucannon_(Pok%C3%A9mon),7
#0734,Yungoos,/wiki/Yungoos_(Pok%C3%A9mon),7
#0735,Gumshoos,/wiki/Gumshoos_(Pok%C3%A9mon),7
#0736,Grubbin,/wiki/Grubbin_(Pok%C3%A9mon),7
#0737,Charjabug,/wiki/Charjabug_(Pok%C3%A9mon),7
#0738,Vikavolt,/wiki/Vikavolt_(Pok%C3%A9mon),7
#0739,Crabrawler,/wiki/Crabrawler_(Pok%C3%A9mon),7
#0740,Crabominable,/wiki/Crabominable_(Pok%C3%A9mon),7
#0741,Oricorio,/wiki/Oricorio_(Pok%C3%A9mon),7
#0742,Cutiefly,/wiki/Cutiefly_(Pok%C3%A9mon),7
#0743,Ribombee,/wiki/Ribombee_(Pok%C3%A9mon),7
#0744,Rockruff,/wiki/Rockruff_(Pok%C3%A9mon),7
#0745,Lycanroc,/wiki/Lycanroc_(Pok%C3%A9mon),7
#0746,Wishiwashi,/wiki/Wishiwashi_(Pok%C3%A9mon),7
#0747,Mareanie,/wiki/Mareanie_(Pok%C3%A9mon),7
#0748,Toxapex,/wiki/Toxapex_(Pok%C3%A9mon),7
#0749,Mudbray,/wiki/Mudbray_(Pok%C3%A9mon),7
#0750,Mudsdale,/wiki/Mudsdale_(Pok%C3%A9mon),7
#0751,Dewpider,/wiki/Dewpider_(Pok%C3%A9mon),7
#0752,Araquanid,/wiki/Araquanid_(Pok%C3%A9mon),7
#0753,Fomantis,/wiki/Fomantis_(Pok%C3%A9mon),7
#0754,Lurantis,/wiki/Lurantis_(Pok%C3%A9mon),7
#0755,Morelull,/wiki/Morelull_(Pok%C3%A9mon),7
#0756,Shiinotic,/wiki/Shiinotic_(Pok%C3%A9mon),7
#0757,Salandit,/wiki/Salandit_(Pok%C3%A9mon),7
#0758,Salazzle,/wiki/Salazzle_(Pok%C3%A9mon),7
#0759,Stufful,/wiki/Stufful_(Pok%C3%A9mon),7
#0760,Bewear,/wiki/Bewear_(Pok%C3%A9mon),7
#0761,Bounsweet,/wiki/Bounsweet_(Pok%C3%A9mon),7
#0762,Steenee,/wiki/Steenee_(Pok%C3%A9mon),7
#0763,Tsareena,/wiki/Tsareena_(Pok%C3%A9mon),7
#0764,Comfey,/wiki/Comfey_(Pok%C3%A9mon),7
#0765,Oranguru,/wiki/Oranguru_(Pok%C3%A9mon),7
#0766,Passimian,/wiki/Passimian_(Pok%C3%A9mon),7
#0767,Wimpod,/wiki/Wimpod_(Pok%C3%A9mon),7
#0768,Golisopod,/wiki/Golisopod_(Pok%C3%A9mon),7
#0769,Sandygast,/wiki/Sandygast_(Pok%C3%A9mon),7
#0770,Palossand,/wiki/Palossand_(Pok%C3%A9mon),7
#0771,Pyukumuku,/wiki/Pyukumuku_(Pok%C3%A9mon),7
#0772,Type: Null,/wiki/Type:_Null_(Pok%C3%A9mon),7
#0773,Silvally,/wiki/Silvally_(Pok%C3%A9mon),7
#0774,Minior,/wiki/Minior_(Pok%C3%A9mon),7
#0775,Komala,/wiki/Komala_(Pok%C3%A9mon),7
#0776,Turtonator,/wiki/Turtonator_(Pok%C3%A9mon),7
#0777,Togedemaru,/wiki/Togedemaru_(Pok%C3%A9mon),7
#0778,Mimikyu,/wiki/Mimikyu_(Pok%C3%A9mon),7
#0779,Bruxish,/wiki/Bruxish_(Pok%C3%A9mon),7
#0780,Drampa,/wiki/Drampa_(Pok%C3%A9mon),7
#0781,Dhelmise,/wiki/Dhelmise_(Pok%C3%A9mon),7
#0782,Jangmo-o,/wiki/Jangmo-o_(Pok%C3%A9mon),7
#0783,Hakamo-o,/wiki/Hakamo-o_(Pok%C3%A9mon),7
#0784,Kommo-o,/wiki/Kommo-o_(Pok%C3%A9mon),7
#0785,Tapu Koko,/wiki/Tapu_Koko_(Pok%C3%A9mon),7
#0786,Tapu Lele,/wiki/Tapu_Lele_(Pok%C3%A9mon),7
#0787,Tapu Bulu,/wiki/Tapu_Bulu_(Pok%C3%A9mon),7
#0788,Tapu Fini,/wiki/Tapu_Fini_(Pok%C3%A9mon),7
#0789,Cosmog,/wiki/Cosmog_(Pok%C3%A9mon),7
#0790,Cosmoem,/wiki/Cosmoem_(Pok%C3%A9mon),7
#0791,Solgaleo,/wiki/Solgaleo_(Pok%C3%A9mon),7
#0792,Lunala,/wiki/Lunala_(Pok%C3%A9mon),7
#0793,Nihilego,/wiki/Nihilego_(Pok%C3%A9mon),7
#0794,Buzzwole,/wiki/Buzzwole_(Pok%C3%A9mon),7
#0795,Pheromosa,/wiki/Pheromosa_(Pok%C3%A9mon),7
#0796,Xurkitree,/wiki/Xurkitree_(Pok%C3%A9mon),7
#0797,Celesteela,/wiki/Celesteela_(Pok%C3%A9mon),7
#0798,Kartana,/wiki/Kartana_(Pok%C3%A9mon),7
#0799,Guzzlord,/wiki/Guzzlord_(Pok%C3%A9mon),7
#0800,Necrozma,/wiki/Necrozma_(Pok%C3%A9mon),7
#0801,Magearna,/wiki/Magearna_(Pok%C3%A9mon),7
#0802,Marshadow,/wiki/Marshadow_(Pok%C3%A9mon),7
#0803,Poipole,/wiki/Poipole_(Pok%C3%A9mon),7
#0804,Naganadel,/wiki/Naganadel_(Pok%C3%A9mon),7
#0805,Stakataka,/wiki/Stakataka_(Pok%C3%A9mon),7
#0806,Blacephalon,/wiki/Blacephalon_(Pok%C3%A9mon),7
#0807,Zeraora,/wiki/Zeraora_(Pok%C3%A9mon),7
#0808,Meltan,/wiki/Meltan_(Pok%C3%A9mon),7
#0809,Melmetal,/wiki/Melmetal_(Pok%C3%A9mon),7
#0810,Grookey,/wiki/Grookey_(Pok%C3%A9mon),8
#0811,Thwackey,/wiki/Thwackey_(Pok%C3%A9mon),8
#0812,Rillaboom,/wiki/Rillaboom_(Pok%C3%A9mon),8
#0813,Scorbunny,/wiki/Scorbunny_(Pok%C3%A9mon),8
#0814,Raboot,/wiki/Raboot_(Pok%C3%A9mon),8
#0815,Cinderace,/wiki/Cinderace_(Pok%C3%A9mon),8
#0816,Sobble,/wiki/Sobble_(Pok%C3%A9mon),8
#0817,Drizzile,/wiki/Drizzile_(Pok%C3%A9mon),8
#0818,Inteleon,/wiki/Inteleon_(Pok%C3%A9mon),8
#0819,Skwovet,/wiki/Skwovet_(Pok%C3%A9mon),8
#0820,Greedent,/wiki/Greedent_(Pok%C3%A9mon),8
#0821,Rookidee,/wiki/Rookidee_(Pok%C3%A9mon),8
#0822,Corvisquire,/wiki/Corvisquire_(Pok%C3%A9mon),8
#0823,Corviknight,/wiki/Corviknight_(Pok%C3%A9mon),8
#0824,Blipbug,/wiki/Blipbug_(Pok%C3%A9mon),8
#0825,Dottler,/wiki/Dottler_(Pok%C3%A9mon),8
#0826,Orbeetle,/wiki/Orbeetle_(Pok%C3%A9mon),8
#0827,Nickit,/wiki/Nickit_(Pok%C3%A9mon),8
#0828,Thievul,/wiki/Thievul_(Pok%C3%A9mon),8
#0829,Gossifleur,/wiki/Gossifleur_(Pok%C3%A9mon),8
#0830,Eldegoss,/wiki/Eldegoss_(Pok%C3%A9mon),8
#0831,Wooloo,/wiki/Wooloo_(Pok%C3%A9mon),8
#0832,Dubwool,/wiki/Dubwool_(Pok%C3%A9mon),8
#0833,Chewtle,/wiki/Chewtle_(Pok%C3%A9mon),8
#0834,Drednaw,/wiki/Drednaw_(Pok%C3%A9mon),8
#0835,Yamper,/wiki/Yamper_(Pok%C3%A9mon),8
#0836,Boltund,/wiki/Boltund_(Pok%C3%A9mon),8
#0837,Rolycoly,/wiki/Rolycoly_(Pok%C3%A9mon),8
#0838,Carkol,/wiki/Carkol_(Pok%C3%A9mon),8
#0839,Coalossal,/wiki/Coalossal_(Pok%C3%A9mon),8
#0840,Applin,/wiki/Applin_(Pok%C3%A9mon),8
#0841,Flapple,/wiki/Flapple_(Pok%C3%A9mon),8
#0842,Appletun,/wiki/Appletun_(Pok%C3%A9mon),8
#0843,Silicobra,/wiki/Silicobra_(Pok%C3%A9mon),8
#0844,Sandaconda,/wiki/Sandaconda_(Pok%C3%A9mon),8
#0845,Cramorant,/wiki/Cramorant_(Pok%C3%A9mon),8
#0846,Arrokuda,/wiki/Arrokuda_(Pok%C3%A9mon),8
#0847,Barraskewda,/wiki/Barraskewda_(Pok%C3%A9mon),8
#0848,Toxel,/wiki/Toxel_(Pok%C3%A9mon),8
#0849,Toxtricity,/wiki/Toxtricity_(Pok%C3%A9mon),8
#0850,Sizzlipede,/wiki/Sizzlipede_(Pok%C3%A9mon),8
#0851,Centiskorch,/wiki/Centiskorch_(Pok%C3%A9mon),8
#0852,Clobbopus,/wiki/Clobbopus_(Pok%C3%A9mon),8
#0853,Grapploct,/wiki/Grapploct_(Pok%C3%A9mon),8
#0854,Sinistea,/wiki/Sinistea_(Pok%C3%A9mon),8
#0855,Polteageist,/wiki/Polteageist_(Pok%C3%A9mon),8
#0856,Hatenna,/wiki/Hatenna_(Pok%C3%A9mon),8
#0857,Hattrem,/wiki/Hattrem_(Pok%C3%A9mon),8
#0858,Hatterene,/wiki/Hatterene_(Pok%C3%A9mon),8
#0859,Impidimp,/wiki/Impidimp_(Pok%C3%A9mon),8
#0860,Morgrem,/wiki/Morgrem_(Pok%C3%A9mon),8
#0861,Grimmsnarl,/wiki/Grimmsnarl_(Pok%C3%A9mon),8
#0862,Obstagoon,/wiki/Obstagoon_(Pok%C3%A9mon),8
#0863,Perrserker,/wiki/Perrserker_(Pok%C3%A9mon),8
#0864,Cursola,/wiki/Cursola_(Pok%C3%A9mon),8
#0865,Sirfetch'd,/wiki/Sirfetch%27d_(Pok%C3%A9mon),8
#0866,Mr. Rime,/wiki/Mr._Rime_(Pok%C3%A9mon),8
#0867,Runerigus,/wiki/Runerigus_(Pok%C3%A9mon),8
#0868,Milcery,/wiki/Milcery_(Pok%C3%A9mon),8
#0869,Alcremie,/wiki/Alcremie_(Pok%C3%A9mon),8
#0870,Falinks,/wiki/Falinks_(Pok%C3%A9mon),8
#0871,Pincurchin,/wiki/Pincurchin_(Pok%C3%A9mon),8
#0872,Snom,/wiki/Snom_(Pok%C3%A9mon),8
#0873,Frosmoth,/wiki/Frosmoth_(Pok%C3%A9mon),8
#0874,Stonjourner,/wiki/Stonjourner_(Pok%C3%A9mon),8
#0875,Eiscue,/wiki/Eiscue_(Pok%C3%A9mon),8
#0876,Indeedee,/wiki/Indeedee_(Pok%C3%A9mon),8
#0877,Morpeko,/wiki/Morpeko_(Pok%C3%A9mon),8
#0878,Cufant,/wiki/Cufant_(Pok%C3%A9mon),8
#0879,Copperajah,/wiki/Copperajah_(Pok%C3%A9mon),8
#0880,Dracozolt,/wiki/Dracozolt_(Pok%C3%A9mon),8
#0881,Arctozolt,/wiki/Arctozolt_(Pok%C3%A9mon),8
#0882,Dracovish,/wiki/Dracovish_(Pok%C3%A9mon),8
#0883,Arctovish,/wiki/Arctovish_(Pok%C3%A9mon),8
#0884,Duraludon,/wiki/Duraludon_(Pok%C3%A9mon),8
#0885,Dreepy,/wiki/Dreepy_(Pok%C3%A9mon),8
#0886,Drakloak,/wiki/Drakloak_(Pok%C3%A9mon),8
#0887,Dragapult,/wiki/Dragapult_(Pok%C3%A9mon),8
#0888,Zacian,/wiki/Zacian_(Pok%C3%A9mon),8
#0889,Zamazenta,/wiki/Zamazenta_(Pok%C3%A9mon),8
#0890,Eternatus,/wiki/Eternatus_(Pok%C3%A9mon),8
#0891,Kubfu,/wiki/Kubfu_(Pok%C3%A9mon),8
#0892,Urshifu,/wiki/Urshifu_(Pok%C3%A9mon),8
#0893,Zarude,/wiki/Zarude_(Pok%C3%A9mon),8
#0894,Regieleki,/wiki/Regieleki_(Pok%C3%A9mon),8
#0895,Regidrago,/wiki/Regidrago_(Pok%C3%A9mon),8
#0896,Glastrier,/wiki/Glastrier_(Pok%C3%A9mon),8
#0897,Spectrier,/wiki/Spectrier_(Pok%C3%A9mon),8
#0898,Calyrex,/wiki/Calyrex_(Pok%C3%A9mon),8
#0899,Wyrdeer,/wiki/Wyrdeer_(Pok%C3%A9mon),8
#0900,Kleavor,/wiki/Kleavor_(Pok%C3%A9mon),8
#0901,Ursaluna,/wiki/Ursaluna_(Pok%C3%A9mon),8
#0902,Basculegion,/wiki/Basculegion_(Pok%C3%A9mon),8
#0903,Sneasler,/wiki/Sneasler_(Pok%C3%A9mon),8
#0904,Overqwil,/wiki/Overqwil_(Pok%C3%A9mon),8
#0905,Enamorus,/wiki/Enamorus_(Pok%C3%A9mon),8
#0906,Sprigatito,/wiki/Sprigatito_(Pok%C3%A9mon),9
#0907,Floragato,/wiki/Floragato_(Pok%C3%A9mon),9
#0908,Meowscarada,/wiki/Meowscarada_(Pok%C3%A9mon),9
#0909,Fuecoco,/wiki/Fuecoco_(Pok%C3%A9mon),9
#0910,Crocalor,/wiki/Crocalor_(Pok%C3%A9mon),9
#0911,Skeledirge,/wiki/Skeledirge_(Pok%C3%A9mon),9
#0912,Quaxly,/wiki/Quaxly_(Pok%C3%A9mon),9
#0913,Quaxwell,/wiki/Quaxwell_(Pok%C3%A9mon),9
#0914,Quaquaval,/wiki/Quaquaval_(Pok%C3%A9mon),9
#0915,Lechonk,/wiki/Lechonk_(Pok%C3%A9mon),9
#0916,Oinkologne,/wiki/Oinkologne_(Pok%C3%A9mon),9
#0917,Tarountula,/wiki/Tarountula_(Pok%C3%A9mon),9
#0918,Spidops,/wiki/Spidops_(Pok%C3%A9mon),9
#0919,Nymble,/wiki/Nymble_(Pok%C3%A9mon),9
#0920,Lokix,/wiki/Lokix_(Pok%C3%A9mon),9
#0921,Pawmi,/wiki/Pawmi_(Pok%C3%A9mon),9
#0922,Pawmo,/wiki/Pawmo_(Pok%C3%A9mon),9
#0923,Pawmot,/wiki/Pawmot_(Pok%C3%A9mon),9
#0924,Tandemaus,/wiki/Tandemaus_(Pok%C3%A9mon),9
#0925,Maushold,/wiki/Maushold_(Pok%C3%A9mon),9
#0926,Fidough,/wiki/Fidough_(Pok%C3%A9mon),9
#0927,Dachsbun,/wiki/Dachsbun_(Pok%C3%A9mon),9
#0928,Smoliv,/wiki/Smoliv_(Pok%C3%A9mon),9
#0929,Dolliv,/wiki/Dolliv_(Pok%C3%A9mon),9
#0930,Arboliva,/wiki/Arboliva_(Pok%C3%A9mon),9
#0931,Squawkabilly,/wiki/Squawkabilly_(Pok%C3%A9mon),9
#0932,Nacli,/wiki/Nacli_(Pok%C3%A9mon),9
#0933,Naclstack,/wiki/Naclstack_(Pok%C3%A9mon),9
#0934,Garganacl,/wiki/Garganacl_(Pok%C3%A9mon),9
#0935,Charcadet,/wiki/Charcadet_(Pok%C3%A9mon),9
#0936,Armarouge,/wiki/Armarouge_(Pok%C3%A9mon),9
#0937,Ceruledge,/wiki/Ceruledge_(Pok%C3%A9mon),9
#0938,Tadbulb,/wiki/Tadbulb_(Pok%C3%A9mon),9
#0939,Bellibolt,/wiki/Bellibolt_(Pok%C3%A9mon),9
#0940,Wattrel,/wiki/Wattrel_(Pok%C3%A9mon),9
#0941,Kilowattrel,/wiki/Kilowattrel_(Pok%C3%A9mon),9
#0942,Maschiff,/wiki/Maschiff_(Pok%C3%A9mon),9
#0943,Mabosstiff,/wiki/Mabosstiff_(Pok%C3%A9mon),9
#0944,Shroodle,/wiki/Shroodle_(Pok%C3%A9mon),9
#0945,Grafaiai,/wiki/Grafaiai_(Pok%C3%A9mon),9
#0946,Bramblin,/wiki/Bramblin_(Pok%C3%A9mon),9
#0947,Brambleghast,/wiki/Brambleghast_(Pok%C3%A9mon),9
#0948,Toedscool,/wiki/Toedscool_(Pok%C3%A9mon),9
#0949,Toedscruel,/wiki/Toedscruel_(Pok%C3%A9mon),9
#0950,Klawf,/wiki/Klawf_(Pok%C3%A9mon),9
#0951,Capsakid,/wiki/Capsakid_(Pok%C3%A9mon),9
#0952,Scovillain,/wiki/Scovillain_(Pok%C3%A9mon),9
#0953,Rellor,/wiki/Rellor_(Pok%C3%A9mon),9
#0954,Rabsca,/wiki/Rabsca_(Pok%C3%A9mon),9
#0955,Flittle,/wiki/Flittle_(Pok%C3%A9mon),9
#0956,Espathra,/wiki/Espathra_(Pok%C3%A9mon),9
#0957,Tinkatink,/wiki/Tinkatink_(Pok%C3%A9mon),9
#0958,Tinkatuff,/wiki/Tinkatuff_(Pok%C3%A9mon),9
#0959,Tinkaton,/wiki/Tinkaton_(Pok%C3%A9mon),9
#0960,Wiglett,/wiki/Wiglett_(Pok%C3%A9mon),9
#0961,Wugtrio,/wiki/Wugtrio_(Pok%C3%A9mon),9
#0962,Bombirdier,/wiki/Bombirdier_(Pok%C3%A9mon),9
#0963,Finizen,/wiki/Finizen_(Pok%C3%A9mon),9
#0964,Palafin,/wiki/Palafin_(Pok%C3%A9mon),9
#0965,Varoom,/wiki/Varoom_(Pok%C3%A9mon),9
#0966,Revavroom,/wiki/Revavroom_(Pok%C3%A9mon),9
#0967,Cyclizar,/wiki/Cyclizar_(Pok%C3%A9mon),9
#0968,Orthworm,/wiki/Orthworm_(Pok%C3%A9mon),9
#0969,Glimmet,/wiki/Glimmet_(Pok%C3%A9mon),9
#0970,Glimmora,/wiki/Glimmora_(Pok%C3%A9mon),9
#0971,Greavard,/wiki/Greavard_(Pok%C3%A9mon),9
#0972,Houndstone,/wiki/Houndstone_(Pok%C3%A9mon),9
#0973,Flamigo,/wiki/Flamigo_(Pok%C3%A9mon),9
#0974,Cetoddle,/wiki/Cetoddle_(Pok%C3%A9mon),9
#0975,Cetitan,/wiki/Cetitan_(Pok%C3%A9mon),9
#0976,Veluza,/wiki/Veluza_(Pok%C3%A9mon),9
#0977,Dondozo,/wiki/Dondozo_(Pok%C3%A9mon),9
#0978,Tatsugiri,/wiki/Tatsugiri_(Pok%C3%A9mon),9
#0979,Annihilape,/wiki/Annihilape_(Pok%C3%A9mon),9
#0980,Clodsire,/wiki/Clodsire_(Pok%C3%A9mon),9
#0981,Farigiraf,/wiki/Farigiraf_(Pok%C3%A9mon),9
#0982,Dudunsparce,/wiki/Dudunsparce_(Pok%C3%A9mon),9
#0983,Kingambit,/wiki/Kingambit_(Pok%C3%A9mon),9
#0984,Great Tusk,/wiki/Great_Tusk_(Pok%C3%A9mon),9
#0985,Scream Tail,/wiki/Scream_Tail_(Pok%C3%A9mon),9
#0986,Brute Bonnet,/wiki/Brute_Bonnet_(Pok%C3%A9mon),9
#0987,Flutter Mane,/wiki/Flutter_Mane_(Pok%C3%A9mon),9
#0988,Slither Wing,/wiki/Slither_Wing_(Pok%C3%A9mon),9
#0989,Sandy Shocks,/wiki/Sandy_Shocks_(Pok%C3%A9mon),9
#0990,Iron Treads,/wiki/Iron_Treads_(Pok%C3%A9mon),9
#0991,Iron Bundle,/wiki/Iron_Bundle_(Pok%C3%A9mon),9
#0992,Iron Hands,/wiki/Iron_Hands_(Pok%C3%A9mon),9
#0993,Iron Jugulis,/wiki/Iron_Jugulis_(Pok%C3%A9mon),9
#0994,Iron Moth,/wiki/Iron_Moth_(Pok%C3%A9mon),9
#0995,Iron Thorns,/wiki/Iron_Thorns_(Pok%C3%A9mon),9
#0996,Frigibax,/wiki/Frigibax_(Pok%C3%A9mon),9
#0997,Arctibax,/wiki/Arctibax_(Pok%C3%A9mon),9
#0998,Baxcalibur,/wiki/Baxcalibur_(Pok%C3%A9mon),9
#0999,Gimmighoul,/wiki/Gimmighoul_(Pok%C3%A9mon),9
#1000,Gholdengo,/wiki/Gholdengo_(Pok%C3%A9mon),9
#1001,Wo-Chien,/wiki/Wo-Chien_(Pok%C3%A9mon),9
#1002,Chien-Pao,/wiki/Chien-Pao_(Pok%C3%A9mon),9
#1003,Ting-Lu,/wiki/Ting-Lu_(Pok%C3%A9mon),9
#1004,Chi-Yu,/wiki/Chi-Yu_(Pok%C3%A9mon),9
#1005,Roaring Moon,/wiki/Roaring_Moon_(Pok%C3%A9mon),9
#1006,Iron Valiant,/wiki/Iron_Valiant_(Pok%C3%A9mon),9
#1007,Koraidon,/wiki/Koraidon_(Pok%C3%A9mon),9
#1008,Miraidon,/wiki/Miraidon_(Pok%C3%A9mon),9
#1009,Walking Wake,/wiki/Walking_Wake_(Pok%C3%A9mon),9
#1010,Iron Leaves,/wiki/Iron_Leaves_(Pok%C3%A9mon),9
#1011,Dipplin,/wiki/Dipplin_(Pok%C3%A9mon),9
#1012,Poltchageist,/wiki/Poltchageist_(Pok%C3%A9mon),9
#1013,Sinistcha,/wiki/Sinistcha_(Pok%C3%A9mon),9
#1014,Okidogi,/wiki/Okidogi_(Pok%C3%A9mon),9
#1015,Munkidori,/wiki/Munkidori_(Pok%C3%A9mon),9
#1016,Fezandipiti,/wiki/Fezandipiti_(Pok%C3%A9mon),9
#1017,Ogerpon,/wiki/Ogerpon_(Pok%C3%A9mon),9
#1018,Archaludon,/wiki/Archaludon_(Pok%C3%A9mon),9
#1019,Hydrapple,/wiki/Hydrapple_(Pok%C3%A9mon),9
#1020,Gouging Fire,/wiki/Gouging_Fire_(Pok%C3%A9mon),9
#1021,Raging Bolt,/wiki/Raging_Bolt_(Pok%C3%A9mon),9
#1022,Iron Boulder,/wiki/Iron_Boulder_(Pok%C3%A9mon),9
#1023,Iron Crown,/wiki/Iron_Crown_(Pok%C3%A9mon),9
#1024,Terapagos,/wiki/Terapagos_(Pok%C3%A9mon),9
#1025,Pecharunt,/wiki/Pecharunt_(Pok%C3%A9mon),9
